Title,Description,URL
Internshala,"Internshala is India's no.1 internship jobs and training platform with 40000+ paid internships in Engineering, MBA, media, law, arts, and other streams.",https://internshala.com/
Internshala,We are a technology company on a mission to equip students with relevant skills & practical exposure through internships and online trainings. Imagine a world ...,https://in.linkedin.com/company/internshala
Internshala Internships & Jobs - Apps on Google Play,Finding and applying for internships and fresher jobs that you want is now even easier with Internshala's free app for students and freshers.,https://play.google.com/store/apps/details?id=com.internshala.app&hl=en&gl=US
Internshala (@internshala) • Instagram photos and videos,"81K Followers, 5 Following, 1325 Posts - See Instagram photos and videos from Internshala (@internshala)",https://www.instagram.com/internshala/?hl=en
51 Internshala jobs in India (1 new),"Today's top 51 Internshala jobs in India. Leverage your professional network, and get hired. New Internshala jobs added daily.",https://in.linkedin.com/jobs/internshala-jobs
Internshala,Internshala ... Welcome to official YouTube channel of Internshala. internshala.comand 5 more links.,https://www.youtube.com/c/InternshalaOfficial
"Latest News & Videos, Photos about internshala",Internshala announces free access to its online training programmes for children of healthcare workers ... The students can choose to learn a number of skills ...,https://economictimes.indiatimes.com/topic/internshala
Internshala,"Internshala is an internship and online training platform, based in Gurgaon, India. Founded by Sarvesh Agrawal, an IIT Madras alumnus, in 2011, ...",https://en.wikipedia.org/wiki/Internshala
Internshala | Education | Gurugram,"Internshala, Gurugram. 455639 likes · 67 talking about this · 358 were here. We are a technology company on a mission to equip students with relevant...",https://www.facebook.com/Internshala/
29 Internshala Jobs and Vacancies - 4 December 2023,29 Internshala jobs available on Indeed.com.,https://in.indeed.com/q-internshala-jobs.html
Working at Internshala - Glassdoor,"25 Nov 2023 — Overall, 66% of employees would recommend working at Internshala to a friend. This is based on 228 anonymously submitted reviews on Glassdoor.","https://www.glassdoor.co.in/Overview/Working-at-Internshala-EI_IE901048.11,22.htm"
61 Internshala Training & Courses Online 2023,Internshala Online Courses & · Showing 61 results. vendor · Digital Marketing Training · Learn Programming with Python · Core Java Certification. 71 reviews.,https://www.shiksha.com/online-courses/internshala-courses-certification-training-v521
Internshala,We are a technology company on a mission to equip students with relevant skills & practical exposure through internships and online trainings.,https://twitter.com/Internshala
Internshala - Crunchbase Company Profile & Funding,Internshala is a web-based platform that provides internship resources and career services to students and employers.,https://www.crunchbase.com/organization/internshala
"Latest News, Photos, Videos on Internshala","Find Internshala Latest News, Videos & Pictures on Internshala and see latest updates, news, information from NDTV.COM. Explore more on Internshala.",https://www.ndtv.com/topic/internshala
What is internshala?,"7 Mar 2016 — INTERNSHALA is a reputed Indian company. So if you do any training or internship from the internship, the chances of getting a job increase ...",https://www.quora.com/What-is-internshala
Internshala for Android - Download the APK from Uptodown,Download the APK of Internshala for Android for free. Find and apply for internships on your phone.,https://internshala.en.uptodown.com/android
"Internshala: Look for Internship Anywhere, Anytime!","12 Apr 2021 — About Internshala. Internshala was launched as a WordPress blog initially. The blog dealt with education, technology, and issues about gaps in ...",https://startuptalky.com/internshala-success-story/
Internshala Reviews by 167 Employees,"Internshala is rated 4.0 out of 5, based on 167 reviews by employees on AmbitionBox. Internshala is known for Work-Life balance which is rated at the top and ...",https://www.ambitionbox.com/reviews/internshala-reviews
My Experience With Hiring Interns from InternShala,"What can Internshala improve as a platform: ... Do not expect to get hired after doing a course. If you get hired, I will be happy but if you really want to make ...",https://punitmahajan.com/my-experience-with-hiring-interns-from-internshala/
Internshala's journey from a blog to a profitable internship ...,"11 Jul 2022 — In 2010, Internshala started as a blog. Today, it is one of India's leading internship portals, with services like skill training and a job ...",https://yourstory.com/2022/07/internshala-blog-profitable-intership-skilling-career-tech-startup
Internshala Trainings preps students to be more than interns,"15 Jun 2022 — Conceptualised by Internshala Trainings and K Silent Productions, the campaign aims to encourage college students to take up online training at ...",https://www.campaignindia.in/video/internshala-trainings-preps-students-to-be-more-than-interns/478615
Internshala Case Study: Why It is Our One-stop Platform for ...,Internshala has been successful in spurring the growth of the internship market in India by providing a single platform for students and companies to interact ...,https://ideausher.com/blog/internshala-case-study/
Internshala Courses & Certifications 2023,Data Science Course with Guaranteed Internship is a 4-month online certificate programme offered by Internshala. The online course will walk you through all ...,https://www.careers360.com/courses-certifications/internshala-courses-list-org
Internshala,The Leaders · Sarvesh Agrawal · Vikram Shah · Shekhar Halder · Shadab Alam · Sumit Periwal · Sarvesh Agrawal · Vikram Shah · Shekhar Halder. Business Head - ...,https://www.spottabl.com/internshala
About Internshala - Education company in India,Internshala - Internshala is five years old and on its way to solve a problem that is at least 50 years old – the problem of meaningful internships.,https://www.f6s.com/company/internshala
"Internshala Coupon Codes, Offers Up to 65% OFF ...",Internshala Coupon Codes & Offers · 65% OFF. Summer Offer - Get up to 55% + 10% Off On All Training Courses. ACTIVATE OFFER. GET DEAL · Rs.4000 OFF. Get Rs 4000 ...,https://www.grabon.in/internshala-coupons/
Internshala | NIE,"Reg.Summer Internship-2, for Students of current IV semester B.E. · Inviting applications for Registration to B.E. Honours Degree Programme (AY 2023-24) ...",https://nie.ac.in/internshala/
Jobs In Internshala,"Apply To 130149 Internshala Jobs On Naukri.com, India's No.1 Job Site. Explore Internshala Openings Across Different Locations In Your Desired ...",https://www.naukri.com/internshala-jobs-careers-732534
Internshala Plus,1 Nov 2019 — Internshala Plus extension allows you to - 1. See the Required Skills and # of internships right in the internship card. 2.,https://chrome.google.com/webstore/detail/internshala-plus/einngbgomhimnjgbdoejfdoccahlnajf
Internshala launches 'India Employed' to help graduates ...,"20 Sept 2017 — Through the campaign, Internshala is pledging to help 50000 graduates secure an internship by March 2018, aiming to tackle the problems of ...",https://economictimes.indiatimes.com/jobs/internshala-launches-india-unemployed-to-help-graduates-find-their-first-job/articleshow/60761609.cms
Free Online Internship for Women with Certificate,"Glow & Lovely Careers has partnered with Internshala, which offers online internship opportunities for women in various fields such as sales, HR, ...",https://www.glowandlovelycareers.in/en/exciting-jobs/internships
Internshala and Nestl India offer 1000 virtual internships in ...,"22 Feb 2022 — The internships are aimed at making the students career-ready. Shutterstock ... A 1,000 virtual internships are on offer as part of Nestl India's ...",https://www.telegraphindia.com/edugraph/news/internshala-and-nestl-india-offer-1000-virtual-internships-in-2022/cid/1852966
How Internshala is providing internship opportunities to ...,"4 Jul 2022 — Internshala focuses on assisting students in studying, training, and gaining on-the-job experience. Internshala was founded to provide practical ...",https://indianstartupnews.com/stories/how-internshala-is-providing-internship-opportunities-to-students/
Internshala launches 'Top 100 Internships of Summer' for ...,"28 Apr 2023 — Under this initiative, 100 summer internships are being offered, each with a minimum stipend of Rs 15,000 for the selected interns. The ...",https://www.financialexpress.com/jobs-career/education-internshala-launches-top-100-internships-of-summer-for-summer-internships-opportunities-3066521/
"Internshala Company Profile: Valuation, Funding & Investors","Information on valuation, funding, cap tables, investors, and executives for Internshala. Use the PitchBook Platform to explore the full profile.",https://pitchbook.com/profiles/company/228247-03
internshala.com Competitors - Top Sites Like internshala.com,"internshala.com's top 5 competitors in October 2023 are: naukri.com, glassdoor.co.in, foundit.in, internships.com, and more.",https://www.similarweb.com/website/internshala.com/competitors/
Internshala,"Internshala is a leading recruitment and training platform that offers internships, fresher jobs, and online trainings to 1.4 Cr+ student users and assists ...",https://www.youthkiawaaz.com/author/kavya_nair/
Internshala Customer Care No. 844 844 4851,"27 Nov 2021 — Toll Free: 844 844 4851 (Mon-Fri, 10am-6pm),844 844 4853 (For Training Query)",https://m.indiacustomercare.com/internshala-customer-care-no
Internshala,Top education college in uttarakhand || best placement college in uttarakhand.,https://www.rceroorkee.in/Internshala.php
Internshala launches Internship with Dream Companies,"9 Aug 2022 — Internshala launches Internship with Dream Companies ... Participating brands include Titan, Bosch, Disney Star, Volvo, Nykaa Fashion, WWF India, ...",https://www.expresscomputer.in/news/internshala-launches-internship-with-dream-companies/89057/
INTERNsHALA,27 Apr 2017 — signed with Internshala as a partner to facilitate internships for students enrolled in AICTE approved academic institutions. Purpose. This MoU ...,https://www.aicte-india.org/downloads/MOU%20Internshala.pdf
Internshala: India's n°1 Internship Jobboard,"19 Jun 2018 — Internshala is an exclusive platform focusing only on internships. 80,000 organisations and 3Mn+ candidates (mostly college students and recent ...",https://www.jobboardfinder.com/news/interview-with-internshala-indias-n1-internship-jobboard/
Internshala courses and opportunity for internship/job,"Contact information, map and directions, contact form, opening hours, services, ratings, photos, videos and announcements from Internshala courses and ...",https://www.schoolandcollegelistings.com/IN/Mumbai/105336541203984/Internshala-courses-and-opportunity-for-internship-job
తాజా ఇంటర్న్‌షిప్‌లు |,"6 days ago — అర్హతలు: ఆపరేషన్స్‌ నైపుణ్యం, ఆసక్తి ఉన్న విద్యార్థులు. internshala.com/i/f2b800. గుంటూరు ...",https://www.eenadu.net/telugu-article/education/general/0305/123220988
Free custom printable internship certificate templates,Hand out professional-looking certificates by customizing a downloadable internship certificate template from Canva's design catalog.,https://www.canva.com/certificates/templates/internship/
Candidate Login - Internship,Office Login Institute Login. Candidate Login. User Name. Password. Type Captcha Here. Forgot Password Search Username. यह वेबसाइट राष्ट्रीय सूचना ...,https://rajshaladarpan.nic.in/RajEExam/InternShipNew/Home/CandidateLogin.aspx
"Integrated ShalaDarpan, Rajasthan : Internship",NEWS. Nov 22 2023 1:15PM इंटर्नशिप हेतु आवंटित विद्यालय से सम्बंधित किसी भी प्रकार की परिवेदना हेतु आवंटित विद्यालय के जिले के जिला शिक्षा ...,https://rajshaladarpan.nic.in/RajEExam/InternShipNew/Home/Home.aspx
Tata Global Internships,The Tata group invites bright young minds across the world for an innovative program.,https://www.tata.com/careers/programs/tata-global-internships
Internship Programs at PepsiCo,"Discovery job opportunities and learn how PepsiCo makes positive impact on global communities through our many career areas,",https://www.pepsicojobs.com/internshipsprograms
IIT Madras Degree Program in Data Science and Applications,Learn Programming and Data Science with opportunity to get a Bachelor's Degree (BS or BSc based on credits completed) or Diploma (Programming or Data ...,https://study.iitm.ac.in/ds/
NPTEL,logos. Jul-Dec 2023 NPTEL Exams. Click here!!,https://internalapp.nptel.ac.in/
Course Joiner - Free Online Courses | Internships ...,Forage works with companies to craft job simulations that emulates... Internshala ... Internshala is currently hiring for their Lit part-time internship. This ...,https://www.coursejoiner.com/
Internship-Report-sample-6.pdf,Business intelligence (BI) systems depend on efficient integration of disparate and often heterogeneous data. The integration of data is governed by ...,https://www.adityatekkali.edu.in/blog/wp-content/uploads/2020/10/Internship-Report-sample-6.pdf
Myntra - Career,"Highly Inspiring, State-of-the-art Workspace. Featured among the coolest offices in India. 360 Degree Wellness Program.",https://careers.myntra.com/
BCA Internships in Hyderabad: Apply Now,"3 days ago — Following the internship, you will receive a job offer as well. Link to Apply: https://internshala.com/internship/detail/ui-ux-design-work ...",https://www.analyticsinsight.net/bca-internships-in-hyderabad-apply-now/
Internship Cover Letter Examples & Expert tips [Free],"The cover letter — also known as the application letter — is the perfect “covincer” for getting an internship position. In some instances, it's more powerful ...",https://resume.io/cover-letter-examples/internship
SHAHEED BHAGAT SINGH EVENING COLLEGE,Admission 2023-24 · Vacancy for the post of Principal · Azadi Ka Amrit Mahotsav · Internshala Internship Day 2021 Ranking Report · Prizes and Awards · Prof ...,https://www.sbsec.org/
