URL,Description,Title
https://internshala.com/,"Internshala is India's no.1 internship jobs and training platform with 40000+ paid internships in Engineering, MBA, media, law, arts, and other streams.",Internshala
"https://www.shiksha.com/online-courses/digital-marketing-training-course-intel6#:~:text=I%20had%20a%20good%20learning,worth%20learning%20to%20with%20them.","Internshala is India's no.1 internship jobs and training platform with 40000+ paid internships in Engineering, MBA, media, law, arts, and other streams.",Internshala
https://in.linkedin.com/company/internshala,We are a technology company on a mission to equip students with relevant skills & practical exposure through internships and online trainings. Imagine a world ...,Internshala
https://www.google.com/search?q=Internshala&sca_esv=587510415&source=hp&ei=SdZsZeLDL8KA2roP396g6Ag&iflsig=AO6bgOgAAAAAZWzkWdwz8hsp1y6cn0F36zavhIy_YNn3#,We are a technology company on a mission to equip students with relevant skills & practical exposure through internships and online trainings. Imagine a world ...,Internshala
https://play.google.com/store/apps/details?id=com.internshala.app&hl=en&gl=US,Finding and applying for internships and fresher jobs that you want is now even easier with Internshala's free app for students and freshers.,Internshala Internships & Jobs - Apps on Google Play
https://www.instagram.com/internshala/?hl=en,"81K Followers, 5 Following, 1324 Posts - See Instagram photos and videos from Internshala (@internshala)",Internshala (@internshala) â€¢ Instagram photos and videos
https://en.wikipedia.org/wiki/Internshala,"Internshala is an internship and online training platform, based in Gurgaon, India. Founded by Sarvesh Agrawal, an IIT Madras alumnus, in 2011, ...",Internshala
https://in.linkedin.com/jobs/internshala-jobs,"Today's top 52 Internshala jobs in India. Leverage your professional network, and get hired. New Internshala jobs added daily.",52 Internshala jobs in India (1 new)
https://economictimes.indiatimes.com/topic/internshala,Internshala announces free access to its online training programmes for children of healthcare workers ... The students can choose to learn a number of skills ...,"Latest News & Videos, Photos about internshala"
https://economictimes.indiatimes.com/topic/internshala,Internshala announces free access to its online training programmes for children of healthcare workers ... The students can choose to learn a number of skills ...,"Latest News & Videos, Photos about internshala"
https://economictimes.indiatimes.com/topic/internshala,Internshala announces free access to its online training programmes for children of healthcare workers ... The students can choose to learn a number of skills ...,"Latest News & Videos, Photos about internshala"
https://www.google.com/search?sca_esv=587510415&q=Internshala+Login&sa=X&ved=2ahUKEwjuvvDH__OCAxX0mVYBHejsDaoQ1QJ6BAgyEAE,Internshala announces free access to its online training programmes for children of healthcare workers ... The students can choose to learn a number of skills ...,"Latest News & Videos, Photos about internshala"
