title,link,snippet
Python For Beginners,https://www.python.org/about/gettingstarted/,An experienced programmer in any programming language (whatever it may be) can pick up Python very quickly. It's also easy for beginners to use and learn.
Introduction to Python,https://www.w3schools.com/python/python_intro.asp,"Python is a popular programming language. It was created by Guido van Rossum, and released in 1991. It is used for:"
Welcome to Python.org,https://www.python.org/,Python is a programming language that lets you work quickly and integrate systems more effectively. Learn More
Python Tutorial | Learn Python Programming Language,https://www.geeksforgeeks.org/python-programming-language-tutorial/,"15 Jan 2025 â€” Python is a versatile and beginner-friendly programming language widely used in web development, data science, and AI, known for its ..."
Learn Python Programming,https://www.programiz.com/python-programming,"Python is one of the top programming languages in the world, widely used in fields such as AI, machine learning, data science, and web development."
,"https://www.coursera.org/in/articles/what-is-python-used-for-a-beginners-guide-to-using-python#:~:text=Python%20is%20commonly%20used%20for,everyday%20tasks%2C%20like%20organising%20finances.",
,"https://www.udemy.com/course/learn-python-in-30/#:~:text=Python%20is%20one%20of%20the,around%2015%20minutes%20each%20day.",
,"https://www.shiksha.com/online-courses/articles/python-vs-cpp/#:~:text=As%20demonstrated%20by%20the%20above,such%20as%20Java%20or%20C%23.",
,"https://developers.google.com/edu/python/introduction#:~:text=Python%20is%20a%20dynamic%2C%20interpreted,checking%20of%20the%20source%20code.",
Python (programming language),https://en.wikipedia.org/wiki/Python_(programming_language),"Python is a high-level, general-purpose programming language. Its design philosophy emphasizes code readability with the use of significant indentation."
