Title,Link,Description
"Highly purified fibroblast-derived growth factor, an SV40 ...",https://pubmed.ncbi.nlm.nih.gov/2998776/,"by P Stroobant · 1985 · Cited by 31 — FDGF is a potent mitogen for Swiss 3T3 cells; half-maximal stimulation of DNA synthesis was achieved at a concentration of approximately 1 nM, comparable with ..."
Similarities between fibroblast-derived growth factor and ...,https://www.sciencedirect.com/science/article/abs/pii/0014482781903141,"by P Dicker · 1981 · Cited by 110 — FDGF and PDGF have similar abilities to induce DNA synthesis synergistically in the presence of either insulin, epidermal growth factor (EGF), vasopressin or ..."
[4] Purification of fibroblast-derived growth factor,https://www.sciencedirect.com/science/article/pii/0076687987470973,by P Sroobant · 1987 · Cited by 2 — This chapter focuses on the purification process of fibroblast-derived growth factor (FDGF). FDGF is a potent polypeptide mitogen secreted into the growth ...
fdgf mouse Wired Optical Gaming Mouse,https://www.flipkart.com/fdgf-mouse-wired-optical-gaming/p/itmb7108dd51ee59,Buy fdgf mouse Wired Optical Gaming Mouse only for Rs. 899 from Flipkart.com. Only Genuine Products. 30 Day Replacement Guarantee. Free Shipping.
Inhibition of Epidermal Growth Factor Binding to Mouse ...,https://www.jbc.org/article/S0021-9258(18)34834-8/pdf,"by E Rozengurt · 1982 · Cited by 104 — Fibroblast-derived growth factor (FDGF), a basic, heat- and acid-stable polypeptide partially purified from the serum-free conditioned ..."
Fdgf Hair Straightener,"https://www.flipkart.com/health-personal-care-appliances/personal-care-appliances/hair-straighteners/fdgf~brand/pr?sid=zlw,79s,dk5&marketplace=FLIPKART&otracker=product_breadCrumbs_fdgf+Hair+Straighteners","Buy Fdgf Hair Straighteners online - check Fdgf Hair Straighteners price in ... fdgf 457466 Hair Straightener. 3%. 2,999. ₹2,899. Only 2 left. Free delivery ..."
FDGF 2023,https://www.youtube.com/playlist?list=PLt-Ewl1FrRSF_uApOWYGBIvFvTUMUMduS,FDGF 2023. Home. Shorts. Library. Play all. FDGF 2023. CIEE Study Abroad. Playlist•3 videos•37 views.
fdgf,https://sctevt.odisha.gov.in/en/gallery-category/2,Message from Bot. Welcome to the State Council for Technical Education and Vocational Training. How can I assist you in the following categories? Parent
FDGF UK LTD overview - Find and update company information,https://find-and-update.company-information.service.gov.uk/company/11925559,"FDGF UK LTD - Free company information from Companies House including registered office address, filing history, accounts, annual return, officers, charges, ..."
