search_titles,search_descriptions,search_urls
Internshala,"Internshala is India's no.1 internship jobs and training platform with 40000+ paid internships in Engineering, MBA, media, law, arts, and other streams.",https://internshala.com/
Internshala,We are a technology company on a mission to equip students with relevant skills & practical exposure through internships and online trainings. Imagine a world ...,https://in.linkedin.com/company/internshala
Internshala Internships & Jobs - Apps on Google Play,Finding and applying for internships and fresher jobs that you want is now even easier with Internshala's free app for students and freshers.,https://play.google.com/store/apps/details?id=com.internshala.app&hl=en&gl=US
Internshala (@internshala) • Instagram photos and videos,"81K Followers, 5 Following, 1324 Posts - See Instagram photos and videos from Internshala (@internshala)",https://www.instagram.com/internshala/?hl=en
Internshala,"Internshala is an internship and online training platform, based in Gurgaon, India. Founded by Sarvesh Agrawal, an IIT Madras alumnus, in 2011, ...",https://en.wikipedia.org/wiki/Internshala
Internshala,Popular Live Streams · Business Communication - Learn effective communication skills! | World Education Day Fair 2022 · Learn 3D Modelling with SOLIDWORKS! | ...,https://www.youtube.com/channel/UC97qxGRmPsyfV0Miz7AxU2A
"Latest News & Videos, Photos about internshala",Internshala announces free access to its online training programmes for children of healthcare workers ... The students can choose to learn a number of skills ...,https://economictimes.indiatimes.com/topic/internshala
Internshala | Gurugram,"Through this scholarship, we aim to upskill meritorious college students by providing them free government-accredited trainings worth INR 1.5Cr in 80+ in-demand ...",https://www.facebook.com/Internshala/
29 Internshala Jobs and Vacancies - 3 December 2023,29 Internshala jobs available on Indeed.com.,https://in.indeed.com/q-internshala-jobs.html
Working at Internshala - Glassdoor,"25 Nov 2023 — See what employees say it's like to work at Internshala. Salaries, reviews, and more - all posted by employees working at Internshala.","https://www.glassdoor.co.in/Overview/Working-at-Internshala-EI_IE901048.11,22.htm"
61 Internshala Training & Courses Online 2023,Internshala Online Courses & · Showing 61 results. vendor · Digital Marketing Training · Learn Programming with Python · Core Java Certification. 71 reviews.,https://www.shiksha.com/online-courses/internshala-courses-certification-training-v521
Internshala,We are a technology company on a mission to equip students with relevant skills & practical exposure through internships and online trainings.,https://twitter.com/Internshala
"Latest News, Photos, Videos on Internshala","Find Internshala Latest News, Videos & Pictures on Internshala and see latest updates, news, information from NDTV.COM. Explore more on Internshala.",https://www.ndtv.com/topic/internshala
Internshala - Crunchbase Company Profile & Funding,Internshala is a web-based platform that provides internship resources and career services to students and employers.,https://www.crunchbase.com/organization/internshala
Internshala for Android - Download the APK from Uptodown,Download the APK of Internshala for Android for free. Find and apply for internships on your phone.,https://internshala.en.uptodown.com/android
"Internshala: Look for Internship Anywhere, Anytime!","12 Apr 2021 — About Internshala. Internshala was launched as a WordPress blog initially. The blog dealt with education, technology, and issues about gaps in ...",https://startuptalky.com/internshala-success-story/
Internshala Reviews by 167 Employees,"Internshala is rated 4.0 out of 5, based on 167 reviews by employees on AmbitionBox. Internshala is known for Work-Life balance which is rated at the top and ...",https://www.ambitionbox.com/reviews/internshala-reviews
My Experience With Hiring Interns from InternShala,"What can Internshala improve as a platform: ... Do not expect to get hired after doing a course. If you get hired, I will be happy but if you really want to make ...",https://punitmahajan.com/my-experience-with-hiring-interns-from-internshala/
Internshala's journey from a blog to a profitable internship ...,"11 Jul 2022 — In 2010, Internshala started as a blog. Today, it is one of India's leading internship portals, with services like skill training and a job ...",https://yourstory.com/2022/07/internshala-blog-profitable-intership-skilling-career-tech-startup
Internshala Case Study: Why It is Our One-stop Platform for ...,Internshala has been successful in spurring the growth of the internship market in India by providing a single platform for students and companies to interact ...,https://ideausher.com/blog/internshala-case-study/
Internshala Courses & Certifications 2023,Data Science Course with Guaranteed Internship is a 4-month online certificate programme offered by Internshala. The online course will walk you through all ...,https://www.careers360.com/courses-certifications/internshala-courses-list-org
Internshala launches 'India Employed' to help graduates ...,"20 Sept 2017 — Internshala has proposed internships as a solution to help the rest of the graduates build their careers. Through the campaign, Internshala is ...",https://economictimes.indiatimes.com/jobs/internshala-launches-india-unemployed-to-help-graduates-find-their-first-job/articleshow/60761609.cms
"Internshala Coupon Codes, Offers Up to 65% OFF ...",Internshala Coupon Codes & Offers · 65% OFF. Summer Offer - Get up to 55% + 10% Off On All Training Courses. ACTIVATE OFFER. GET DEAL · Rs.4000 OFF. Get Rs 4000 ...,https://www.grabon.in/internshala-coupons/
Internshala | NIE,"Reg.Summer Internship-2, for Students of current IV semester B.E. · Inviting applications for Registration to B.E. Honours Degree Programme (AY 2023-24) ...",https://nie.ac.in/internshala/
Internshala Plus,1 Nov 2019 — Internshala Plus extension allows you to - 1. See the Required Skills and # of internships right in the internship card. 2.,https://chrome.google.com/webstore/detail/internshala-plus/einngbgomhimnjgbdoejfdoccahlnajf
Free Online Internship for Women with Certificate,"Glow & Lovely Careers has partnered with Internshala, which offers online internship opportunities for women in various fields such as sales, HR, ...",https://www.glowandlovelycareers.in/en/exciting-jobs/internships
